Date,Total
2012-10-03,3521.0
2012-10-04,3475.0
2012-10-05,3148.0
2012-10-06,2006.0
2012-10-07,2142.0
2012-10-08,3537.0
2012-10-09,3501.0
2012-10-10,3235.0
2012-10-11,3047.0
2012-10-12,2011.0
2012-10-13,766.0
2012-10-14,698.0
2012-10-15,2273.0
2012-10-16,3036.0
2012-10-17,3243.0
2012-10-18,2923.0
2012-10-19,1977.0
2012-10-20,1068.0
2012-10-21,989.0
2012-10-22,2129.0
2012-10-23,2500.0
2012-10-24,2429.0
2012-10-25,2713.0
2012-10-26,2073.0
2012-10-27,531.0
2012-10-28,1062.0
2012-10-29,2217.0
2012-10-30,1735.0
2012-10-31,1710.0
2012-11-01,2091.0
2012-11-02,2478.0
2012-11-03,952.0
2012-11-04,1011.0
2012-11-05,2810.0
2012-11-06,2493.0
2012-11-07,2719.0
2012-11-08,2691.0
2012-11-09,2406.0
2012-11-10,1269.0
2012-11-11,628.0
2012-11-12,1631.0
2012-11-13,2087.0
2012-11-14,2600.0
2012-11-15,2520.0
2012-11-16,2006.0
2012-11-17,640.0
2012-11-18,392.0
2012-11-19,967.0
2012-11-20,1741.0
2012-11-21,1370.0
2012-11-22,554.0
2012-11-23,355.0
2012-11-24,845.0
2012-11-25,1018.0
2012-11-26,2358.0
2012-11-27,2547.0
2012-11-28,2034.0
2012-11-29,1844.0
2012-11-30,1590.0
2012-12-01,634.0
2012-12-02,527.0
2012-12-03,1868.0
2012-12-04,2011.0
2012-12-05,2300.0
2012-12-06,1879.0
2012-12-07,1816.0
2012-12-08,874.0
2012-12-09,422.0
2012-12-10,2162.0
2012-12-11,1945.0
2012-12-12,1848.0
2012-12-13,2013.0
2012-12-14,1709.0
2012-12-15,463.0
2012-12-16,351.0
2012-12-17,1492.0
2012-12-18,1702.0
2012-12-19,1020.0
2012-12-20,1077.0
2012-12-21,1232.0
2012-12-22,493.0
2012-12-23,441.0
2012-12-24,574.0
2012-12-25,98.0
2012-12-26,845.0
2012-12-27,1148.0
2012-12-28,1257.0
2012-12-29,487.0
2012-12-30,695.0
2012-12-31,986.0
2013-01-01,678.0
2013-01-02,1835.0
2013-01-03,1803.0
2013-01-04,1712.0
2013-01-05,719.0
2013-01-06,706.0
2013-01-07,1893.0
2013-01-08,1578.0
2013-01-09,1347.0
2013-01-10,1810.0
2013-01-11,1570.0
2013-01-12,677.0
2013-01-13,559.0
2013-01-14,1869.0
2013-01-15,2066.0
2013-01-16,1950.0
2013-01-17,1777.0
2013-01-18,1585.0
2013-01-19,760.0
2013-01-20,801.0
2013-01-21,1276.0
2013-01-22,1965.0
2013-01-23,1767.0
2013-01-24,1955.0
2013-01-25,1861.0
2013-01-26,544.0
2013-01-27,643.0
2013-01-28,1708.0
2013-01-29,1789.0
2013-01-30,1760.0
2013-01-31,1921.0
2013-02-01,2108.0
2013-02-02,1133.0
2013-02-03,868.0
2013-02-04,2288.0
2013-02-05,2012.0
2013-02-06,1995.0
2013-02-07,2187.0
2013-02-08,2161.0
2013-02-09,1114.0
2013-02-10,1312.0
2013-02-11,2145.0
2013-02-12,2105.0
2013-02-13,2066.0
2013-02-14,1884.0
2013-02-15,2304.0
2013-02-16,1017.0
2013-02-17,869.0
2013-02-18,1481.0
2013-02-19,2586.0
2013-02-20,2217.0
2013-02-21,1891.0
2013-02-22,1360.0
2013-02-23,1126.0
2013-02-24,1122.0
2013-02-25,2086.0
2013-02-26,2497.0
2013-02-27,2334.0
2013-02-28,1759.0
2013-03-01,1845.0
2013-03-02,1233.0
2013-03-03,1690.0
2013-03-04,2791.0
2013-03-05,2398.0
2013-03-06,2041.0
2013-03-07,2150.0
2013-03-08,2739.0
2013-03-09,2430.0
2013-03-10,1046.0
2013-03-11,2250.0
2013-03-12,1980.0
2013-03-13,1894.0
2013-03-14,2202.0
2013-03-15,2355.0
2013-03-16,1063.0
2013-03-17,1295.0
2013-03-18,2381.0
2013-03-19,2312.0
2013-03-20,1507.0
2013-03-21,1924.0
2013-03-22,1862.0
2013-03-23,1752.0
2013-03-24,1385.0
2013-03-25,3159.0
2013-03-26,3015.0
2013-03-27,2617.0
2013-03-28,2706.0
2013-03-29,3207.0
2013-03-30,2497.0
2013-03-31,2363.0
2013-04-01,3248.0
2013-04-02,3287.0
2013-04-03,3486.0
2013-04-04,2007.0
2013-04-05,1842.0
2013-04-06,789.0
2013-04-07,577.0
2013-04-08,2689.0
2013-04-09,2900.0
2013-04-10,2113.0
2013-04-11,2499.0
2013-04-12,2045.0
2013-04-13,846.0
2013-04-14,1464.0
2013-04-15,2687.0
2013-04-16,3076.0
2013-04-17,2939.0
2013-04-18,1972.0
2013-04-19,1385.0
2013-04-20,1032.0
2013-04-21,968.0
2013-04-22,3633.0
2013-04-23,3942.0
2013-04-24,4450.0
2013-04-25,4166.0
2013-04-26,3457.0
2013-04-27,1214.0
2013-04-28,1190.0
2013-04-29,2693.0
2013-04-30,3402.0
2013-05-01,5017.0
2013-05-02,4877.0
2013-05-03,4520.0
2013-05-04,2912.0
2013-05-05,3003.0
2013-05-06,5066.0
2013-05-07,5103.0
2013-05-08,4972.0
2013-05-09,4663.0
2013-05-10,4866.0
2013-05-11,2481.0
2013-05-12,1263.0
2013-05-13,3367.0
2013-05-14,4575.0
2013-05-15,3896.0
2013-05-16,4274.0
2013-05-17,4783.0
2013-05-18,1814.0
2013-05-19,2136.0
2013-05-20,4649.0
2013-05-21,2481.0
2013-05-22,2860.0
2013-05-23,3023.0
2013-05-24,3373.0
2013-05-25,1766.0
2013-05-26,1191.0
2013-05-27,769.0
2013-05-28,3359.0
2013-05-29,3137.0
2013-05-30,3963.0
2013-05-31,4415.0
2013-06-01,2240.0
2013-06-02,2676.0
2013-06-03,4292.0
2013-06-04,5121.0
2013-06-05,5038.0
2013-06-06,4639.0
2013-06-07,3676.0
2013-06-08,2179.0
2013-06-09,2081.0
2013-06-10,4369.0
2013-06-11,3678.0
2013-06-12,4005.0
2013-06-13,3915.0
2013-06-14,3322.0
2013-06-15,2556.0
2013-06-16,2302.0
2013-06-17,4252.0
2013-06-18,4526.0
2013-06-19,3655.0
2013-06-20,2471.0
2013-06-21,3010.0
2013-06-22,3143.0
2013-06-23,1644.0
2013-06-24,2432.0
2013-06-25,2649.0
2013-06-26,2904.0
2013-06-27,2928.0
2013-06-28,4099.0
2013-06-29,2732.0
2013-06-30,2746.0
2013-07-01,4207.0
2013-07-02,4696.0
2013-07-03,4255.0
2013-07-04,3749.0
2013-07-05,3088.0
2013-07-06,2922.0
2013-07-07,2595.0
2013-07-08,4347.0
2013-07-09,4816.0
2013-07-10,4607.0
2013-07-11,4100.0
2013-07-12,3696.0
2013-07-13,2698.0
2013-07-14,2640.0
2013-07-15,4418.0
2013-07-16,4593.0
2013-07-17,4171.0
2013-07-18,4386.0
2013-07-19,3915.0
2013-07-20,2511.0
2013-07-21,2425.0
2013-07-22,4174.0
2013-07-23,4604.0
2013-07-24,4694.0
2013-07-25,4473.0
2013-07-26,3963.0
2013-07-27,2501.0
2013-07-28,1980.0
2013-07-29,4088.0
2013-07-30,4540.0
2013-07-31,4122.0
2013-08-01,3719.0
2013-08-02,2579.0
2013-08-03,2257.0
2013-08-04,2466.0
2013-08-05,4312.0
2013-08-06,4602.0
2013-08-07,4556.0
2013-08-08,4275.0
2013-08-09,3833.0
2013-08-10,1897.0
2013-08-11,2315.0
2013-08-12,4028.0
2013-08-13,4469.0
2013-08-14,4171.0
2013-08-15,3334.0
2013-08-16,3819.0
2013-08-17,2219.0
2013-08-18,2301.0
2013-08-19,4117.0
2013-08-20,4524.0
2013-08-21,4392.0
2013-08-22,4170.0
2013-08-23,3446.0
2013-08-24,2030.0
2013-08-25,2059.0
2013-08-26,3240.0
2013-08-27,3892.0
2013-08-28,3484.0
2013-08-29,2375.0
2013-08-30,3376.0
2013-08-31,2292.0
2013-09-01,2288.0
2013-09-02,2325.0
2013-09-03,2931.0
2013-09-04,3830.0
2013-09-05,2248.0
2013-09-06,2223.0
2013-09-07,1880.0
2013-09-08,2331.0
2013-09-09,3893.0
2013-09-10,4245.0
2013-09-11,4411.0
2013-09-12,4045.0
2013-09-13,3232.0
2013-09-14,1832.0
2013-09-15,1024.0
2013-09-16,3065.0
2013-09-17,3284.0
2013-09-18,3909.0
2013-09-19,4118.0
2013-09-20,3334.0
2013-09-21,1932.0
2013-09-22,796.0
2013-09-23,2257.0
2013-09-24,3206.0
2013-09-25,3102.0
2013-09-26,3613.0
2013-09-27,2149.0
2013-09-28,477.0
2013-09-29,490.0
2013-09-30,2259.0
2013-10-01,2730.0
2013-10-02,2412.0
2013-10-03,3251.0
2013-10-04,3214.0
2013-10-05,2153.0
2013-10-06,2170.0
2013-10-07,2940.0
2013-10-08,2890.0
2013-10-09,3587.0
2013-10-10,3172.0
2013-10-11,2334.0
2013-10-12,1274.0
2013-10-13,1515.0
2013-10-14,3405.0
2013-10-15,3464.0
2013-10-16,3340.0
2013-10-17,3251.0
2013-10-18,2950.0
2013-10-19,1134.0
2013-10-20,1112.0
2013-10-21,3006.0
2013-10-22,3162.0
2013-10-23,3084.0
2013-10-24,3015.0
2013-10-25,2435.0
2013-10-26,1367.0
2013-10-27,778.0
2013-10-28,3328.0
2013-10-29,3352.0
2013-10-30,2954.0
2013-10-31,2573.0
2013-11-01,2812.0
2013-11-02,670.0
2013-11-03,1321.0
2013-11-04,3058.0
2013-11-05,2789.0
2013-11-06,2918.0
2013-11-07,1709.0
2013-11-08,2632.0
2013-11-09,1193.0
2013-11-10,990.0
2013-11-11,2661.0
2013-11-12,2416.0
2013-11-13,3067.0
2013-11-14,2591.0
2013-11-15,2063.0
2013-11-16,1121.0
2013-11-17,966.0
2013-11-18,2112.0
2013-11-19,2309.0
2013-11-20,2834.0
2013-11-21,2505.0
2013-11-22,2330.0
2013-11-23,1210.0
2013-11-24,1141.0
2013-11-25,2609.0
2013-11-26,2541.0
2013-11-27,2251.0
2013-11-28,582.0
2013-11-29,1004.0
2013-11-30,865.0
2013-12-01,681.0
2013-12-02,2283.0
2013-12-03,2211.0
2013-12-04,2078.0
2013-12-05,1938.0
2013-12-06,1694.0
2013-12-07,591.0
2013-12-08,473.0
2013-12-09,1793.0
2013-12-10,1870.0
2013-12-11,2136.0
2013-12-12,1934.0
2013-12-13,1769.0
2013-12-14,884.0
2013-12-15,755.0
2013-12-16,2500.0
2013-12-17,2232.0
2013-12-18,2171.0
2013-12-19,2075.0
2013-12-20,739.0
2013-12-21,520.0
2013-12-22,400.0
2013-12-23,1417.0
2013-12-24,1082.0
2013-12-25,371.0
2013-12-26,1190.0
2013-12-27,1066.0
2013-12-28,875.0
2013-12-29,684.0
2013-12-30,1722.0
2013-12-31,1419.0
2014-01-01,914.0
2014-01-02,1865.0
2014-01-03,2027.0
2014-01-04,1172.0
2014-01-05,1151.0
2014-01-06,2304.0
2014-01-07,2082.0
2014-01-08,1948.0
2014-01-09,2120.0
2014-01-10,1780.0
2014-01-11,423.0
2014-01-12,655.0
2014-01-13,2530.0
2014-01-14,2808.0
2014-01-15,2772.0
2014-01-16,2641.0
2014-01-17,2310.0
2014-01-18,1135.0
2014-01-19,822.0
2014-01-20,1874.0
2014-01-21,2680.0
2014-01-22,2692.0
2014-01-23,2649.0
2014-01-24,2521.0
2014-01-25,1441.0
2014-01-26,1429.0
2014-01-27,2499.0
2014-01-28,2466.0
2014-01-29,1899.0
2014-01-30,2229.0
2014-01-31,2035.0
2014-02-01,1134.0
2014-02-02,1095.0
2014-02-03,2290.0
2014-02-04,2091.0
2014-02-05,2588.0
2014-02-06,1562.0
2014-02-07,1572.0
2014-02-08,795.0
2014-02-09,221.0
2014-02-10,1428.0
2014-02-11,2024.0
2014-02-12,2139.0
2014-02-13,2389.0
2014-02-14,1786.0
2014-02-15,658.0
2014-02-16,485.0
2014-02-17,1028.0
2014-02-18,1525.0
2014-02-19,2167.0
2014-02-20,2214.0
2014-02-21,1889.0
2014-02-22,624.0
2014-02-23,691.0
2014-02-24,1557.0
2014-02-25,2563.0
2014-02-26,2960.0
2014-02-27,2721.0
2014-02-28,2829.0
2014-03-01,989.0
2014-03-02,431.0
2014-03-03,1720.0
2014-03-04,2053.0
2014-03-05,1874.0
2014-03-06,1801.0
2014-03-07,2560.0
2014-03-08,726.0
2014-03-09,1142.0
2014-03-10,2145.0
2014-03-11,3416.0
2014-03-12,3665.0
2014-03-13,3313.0
2014-03-14,2216.0
2014-03-15,1177.0
2014-03-16,375.0
2014-03-17,2809.0
2014-03-18,2802.0
2014-03-19,2192.0
2014-03-20,2691.0
2014-03-21,2652.0
2014-03-22,1504.0
2014-03-23,1963.0
2014-03-24,3636.0
2014-03-25,2087.0
2014-03-26,2346.0
2014-03-27,2357.0
2014-03-28,1525.0
2014-03-29,571.0
2014-03-30,1320.0
2014-03-31,3436.0
2014-04-01,3791.0
2014-04-02,3672.0
2014-04-03,2623.0
2014-04-04,2817.0
2014-04-05,1044.0
2014-04-06,1543.0
2014-04-07,4319.0
2014-04-08,2806.0
2014-04-09,3828.0
2014-04-10,3940.0
2014-04-11,3435.0
2014-04-12,2185.0
2014-04-13,2647.0
2014-04-14,4006.0
2014-04-15,3206.0
2014-04-16,2133.0
2014-04-17,1750.0
2014-04-18,2930.0
2014-04-19,906.0
2014-04-20,1734.0
2014-04-21,3401.0
2014-04-22,2423.0
2014-04-23,2832.0
2014-04-24,2511.0
2014-04-25,3194.0
2014-04-26,2049.0
2014-04-27,1402.0
2014-04-28,3758.0
2014-04-29,4803.0
2014-04-30,5167.0
2014-05-01,5937.0
2014-05-02,4608.0
2014-05-03,1157.0
2014-05-04,620.0
2014-05-05,3301.0
2014-05-06,4636.0
2014-05-07,5455.0
2014-05-08,3230.0
2014-05-09,3036.0
2014-05-10,1725.0
2014-05-11,2376.0
2014-05-12,5432.0
2014-05-13,6088.0
2014-05-14,5887.0
2014-05-15,5300.0
2014-05-16,5742.0
2014-05-17,2041.0
2014-05-18,1937.0
2014-05-19,4702.0
2014-05-20,5678.0
2014-05-21,5229.0
2014-05-22,4910.0
2014-05-23,2556.0
2014-05-24,2155.0
2014-05-25,1234.0
2014-05-26,2289.0
2014-05-27,5032.0
2014-05-28,4008.0
2014-05-29,4587.0
2014-05-30,4869.0
2014-05-31,2887.0
2014-06-01,2601.0
2014-06-02,4914.0
2014-06-03,4670.0
2014-06-04,4863.0
2014-06-05,4675.0
2014-06-06,4382.0
2014-06-07,2807.0
2014-06-08,3547.0
2014-06-09,4128.0
2014-06-10,4530.0
2014-06-11,5196.0
2014-06-12,4077.0
2014-06-13,2266.0
2014-06-14,1773.0
2014-06-15,1267.0
2014-06-16,3361.0
2014-06-17,4107.0
2014-06-18,4650.0
2014-06-19,4412.0
2014-06-20,3790.0
2014-06-21,3204.0
2014-06-22,2714.0
2014-06-23,4477.0
2014-06-24,4342.0
2014-06-25,4532.0
2014-06-26,3857.0
2014-06-27,2871.0
2014-06-28,1780.0
2014-06-29,2312.0
2014-06-30,4802.0
2014-07-01,5147.0
2014-07-02,4742.0
2014-07-03,3759.0
2014-07-04,3284.0
2014-07-05,1976.0
2014-07-06,2882.0
2014-07-07,4456.0
2014-07-08,5215.0
2014-07-09,5135.0
2014-07-10,4800.0
2014-07-11,4168.0
2014-07-12,2480.0
2014-07-13,2298.0
2014-07-14,4411.0
2014-07-15,4941.0
2014-07-16,5009.0
2014-07-17,4535.0
2014-07-18,4135.0
2014-07-19,2120.0
2014-07-20,1535.0
2014-07-21,4525.0
2014-07-22,4778.0
2014-07-23,1989.0
2014-07-24,3002.0
2014-07-25,4072.0
2014-07-26,2710.0
2014-07-27,2627.0
2014-07-28,4796.0
2014-07-29,5248.0
2014-07-30,5059.0
2014-07-31,4835.0
2014-08-01,4106.0
2014-08-02,2110.0
2014-08-03,2517.0
2014-08-04,4690.0
2014-08-05,4819.0
2014-08-06,4778.0
2014-08-07,4553.0
2014-08-08,3956.0
2014-08-09,2429.0
2014-08-10,2550.0
2014-08-11,4325.0
2014-08-12,3767.0
2014-08-13,3286.0
2014-08-14,4029.0
2014-08-15,3122.0
2014-08-16,2384.0
2014-08-17,2446.0
2014-08-18,4636.0
2014-08-19,4934.0
2014-08-20,4189.0
2014-08-21,4324.0
2014-08-22,3835.0
2014-08-23,2430.0
2014-08-24,2419.0
2014-08-25,4983.0
2014-08-26,5551.0
2014-08-27,5046.0
2014-08-28,4409.0
2014-08-29,3188.0
2014-08-30,859.0
2014-08-31,1820.0
2014-09-01,2356.0
2014-09-02,3493.0
2014-09-03,4121.0
2014-09-04,4940.0
2014-09-05,4187.0
2014-09-06,2400.0
2014-09-07,2214.0
2014-09-08,3809.0
2014-09-09,3988.0
2014-09-10,4015.0
2014-09-11,4042.0
2014-09-12,3903.0
2014-09-13,2367.0
2014-09-14,2181.0
2014-09-15,4450.0
2014-09-16,4338.0
2014-09-17,3725.0
2014-09-18,3272.0
2014-09-19,3734.0
2014-09-20,2225.0
2014-09-21,2217.0
2014-09-22,3786.0
2014-09-23,3416.0
2014-09-24,2166.0
2014-09-25,2962.0
2014-09-26,2511.0
2014-09-27,2325.0
2014-09-28,1818.0
2014-09-29,3035.0
2014-09-30,3562.0
2014-10-01,3837.0
2014-10-02,3896.0
2014-10-03,3709.0
2014-10-04,1940.0
2014-10-05,2162.0
2014-10-06,4074.0
2014-10-07,3864.0
2014-10-08,3780.0
2014-10-09,3663.0
2014-10-10,2957.0
2014-10-11,1131.0
2014-10-12,1559.0
2014-10-13,3355.0
2014-10-14,3197.0
2014-10-15,2555.0
2014-10-16,3629.0
2014-10-17,2209.0
2014-10-18,1378.0
2014-10-19,2248.0
2014-10-20,2858.0
2014-10-21,2964.0
2014-10-22,2087.0
2014-10-23,2381.0
2014-10-24,2778.0
2014-10-25,740.0
2014-10-26,916.0
2014-10-27,3330.0
2014-10-28,2261.0
2014-10-29,3396.0
2014-10-30,2392.0
2014-10-31,1938.0
2014-11-01,1294.0
2014-11-02,1072.0
2014-11-03,2503.0
2014-11-04,2790.0
2014-11-05,2772.0
2014-11-06,2248.0
2014-11-07,3078.0
2014-11-08,1854.0
2014-11-09,752.0
2014-11-10,3254.0
2014-11-11,2791.0
2014-11-12,2742.0
2014-11-13,2616.0
2014-11-14,2177.0
2014-11-15,1083.0
2014-11-16,1004.0
2014-11-17,2698.0
2014-11-18,2833.0
2014-11-19,2835.0
2014-11-20,2725.0
2014-11-21,1758.0
2014-11-22,1054.0
2014-11-23,787.0
2014-11-24,2418.0
2014-11-25,1951.0
2014-11-26,2239.0
2014-11-27,500.0
2014-11-28,324.0
2014-11-29,345.0
2014-11-30,493.0
2014-12-01,1809.0
2014-12-02,2139.0
2014-12-03,2294.0
2014-12-04,2096.0
2014-12-05,1928.0
2014-12-06,902.0
2014-12-07,1194.0
2014-12-08,2389.0
2014-12-09,2119.0
2014-12-10,1957.0
2014-12-11,1621.0
2014-12-12,2301.0
2014-12-13,1203.0
2014-12-14,1232.0
2014-12-15,2283.0
2014-12-16,2424.0
2014-12-17,1979.0
2014-12-18,1941.0
2014-12-19,1870.0
2014-12-20,404.0
2014-12-21,844.0
2014-12-22,2256.0
2014-12-23,1400.0
2014-12-24,813.0
2014-12-25,451.0
2014-12-26,999.0
2014-12-27,543.0
2014-12-28,644.0
2014-12-29,1641.0
2014-12-30,1500.0
2014-12-31,1331.0
2015-01-01,711.0
2015-01-02,1214.0
2015-01-03,817.0
2015-01-04,339.0
2015-01-05,1823.0
2015-01-06,2725.0
2015-01-07,2825.0
2015-01-08,2610.0
2015-01-09,2490.0
2015-01-10,771.0
2015-01-11,810.0
2015-01-12,2670.0
2015-01-13,2766.0
2015-01-14,2623.0
2015-01-15,1898.0
2015-01-16,2142.0
2015-01-17,592.0
2015-01-18,471.0
2015-01-19,1982.0
2015-01-20,2927.0
2015-01-21,2552.0
2015-01-22,2183.0
2015-01-23,1777.0
2015-01-24,1163.0
2015-01-25,2155.0
2015-01-26,3159.0
2015-01-27,2563.0
2015-01-28,2963.0
2015-01-29,3061.0
2015-01-30,2612.0
2015-01-31,1236.0
2015-02-01,708.0
2015-02-02,1904.0
2015-02-03,2334.0
2015-02-04,2251.0
2015-02-05,1694.0
2015-02-06,1611.0
2015-02-07,629.0
2015-02-08,1522.0
2015-02-09,2104.0
2015-02-10,2516.0
2015-02-11,2808.0
2015-02-12,2697.0
2015-02-13,2459.0
2015-02-14,1465.0
2015-02-15,1836.0
2015-02-16,2211.0
2015-02-17,2919.0
2015-02-18,2927.0
2015-02-19,2221.0
2015-02-20,2017.0
2015-02-21,1651.0
2015-02-22,1820.0
2015-02-23,2881.0
2015-02-24,3066.0
2015-02-25,2396.0
2015-02-26,2256.0
2015-02-27,1738.0
2015-02-28,2018.0
2015-03-01,1772.0
2015-03-02,2574.0
2015-03-03,2945.0
2015-03-04,2829.0
2015-03-05,2749.0
2015-03-06,2802.0
2015-03-07,2281.0
2015-03-08,2106.0
2015-03-09,2833.0
2015-03-10,2855.0
2015-03-11,2050.0
2015-03-12,2914.0
2015-03-13,2969.0
2015-03-14,875.0
2015-03-15,239.0
2015-03-16,2624.0
2015-03-17,2299.0
2015-03-18,2873.0
2015-03-19,2710.0
2015-03-20,2014.0
2015-03-21,1379.0
2015-03-22,1057.0
2015-03-23,2029.0
2015-03-24,2250.0
2015-03-25,2040.0
2015-03-26,3496.0
2015-03-27,3015.0
2015-03-28,1796.0
2015-03-29,1408.0
2015-03-30,3339.0
2015-03-31,2022.0
2015-04-01,2427.0
2015-04-02,2828.0
2015-04-03,2611.0
2015-04-04,1987.0
2015-04-05,1729.0
2015-04-06,2955.0
2015-04-07,3048.0
2015-04-08,3351.0
2015-04-09,3670.0
2015-04-10,2219.0
2015-04-11,1264.0
2015-04-12,1701.0
2015-04-13,2158.0
2015-04-14,2424.0
2015-04-15,3697.0
2015-04-16,4002.0
2015-04-17,3454.0
2015-04-18,2401.0
2015-04-19,2775.0
2015-04-20,4556.0
2015-04-21,3243.0
2015-04-22,3351.0
2015-04-23,2458.0
2015-04-24,2276.0
2015-04-25,1616.0
2015-04-26,1566.0
2015-04-27,4140.0
2015-04-28,2745.0
2015-04-29,3437.0
2015-04-30,3608.0
2015-05-01,4224.0
2015-05-02,2215.0
2015-05-03,2235.0
2015-05-04,4520.0
2015-05-05,2605.0
2015-05-06,4231.0
2015-05-07,4916.0
2015-05-08,4452.0
2015-05-09,2753.0
2015-05-10,1958.0
2015-05-11,3676.0
2015-05-12,3653.0
2015-05-13,2707.0
2015-05-14,3811.0
2015-05-15,5053.0
2015-05-16,1655.0
2015-05-17,2011.0
2015-05-18,4845.0
2015-05-19,4872.0
2015-05-20,4580.0
2015-05-21,4768.0
2015-05-22,3668.0
2015-05-23,1580.0
2015-05-24,1776.0
2015-05-25,1737.0
2015-05-26,4254.0
2015-05-27,4771.0
2015-05-28,5142.0
2015-05-29,4548.0
2015-05-30,2308.0
2015-05-31,2251.0
2015-06-01,2989.0
2015-06-02,3078.0
2015-06-03,3658.0
2015-06-04,4637.0
2015-06-05,4333.0
2015-06-06,2475.0
2015-06-07,2487.0
2015-06-08,4475.0
2015-06-09,4935.0
2015-06-10,4977.0
2015-06-11,4719.0
2015-06-12,3769.0
2015-06-13,2688.0
2015-06-14,2556.0
2015-06-15,4581.0
2015-06-16,4551.0
2015-06-17,4711.0
2015-06-18,4284.0
2015-06-19,3417.0
2015-06-20,2323.0
2015-06-21,2170.0
2015-06-22,4456.0
2015-06-23,4998.0
2015-06-24,4725.0
2015-06-25,4709.0
2015-06-26,3869.0
2015-06-27,2210.0
2015-06-28,2101.0
2015-06-29,4181.0
2015-06-30,4655.0
2015-07-01,4651.0
2015-07-02,3937.0
2015-07-03,2313.0
2015-07-04,2443.0
2015-07-05,1919.0
2015-07-06,4066.0
2015-07-07,4635.0
2015-07-08,4761.0
2015-07-09,4479.0
2015-07-10,3772.0
2015-07-11,2053.0
2015-07-12,2037.0
2015-07-13,4069.0
2015-07-14,4795.0
2015-07-15,4686.0
2015-07-16,4424.0
2015-07-17,3813.0
2015-07-18,2195.0
2015-07-19,1963.0
2015-07-20,4213.0
2015-07-21,4268.0
2015-07-22,4648.0
2015-07-23,4359.0
2015-07-24,3628.0
2015-07-25,1384.0
2015-07-26,1452.0
2015-07-27,4102.0
2015-07-28,4715.0
2015-07-29,4734.0
2015-07-30,4379.0
2015-07-31,3887.0
2015-08-01,2219.0
2015-08-02,1883.0
2015-08-03,4243.0
2015-08-04,4655.0
2015-08-05,4108.0
2015-08-06,4295.0
2015-08-07,4100.0
2015-08-08,2014.0
2015-08-09,2945.0
2015-08-10,3898.0
2015-08-11,4530.0
2015-08-12,4403.0
2015-08-13,4428.0
2015-08-14,2062.0
2015-08-15,1702.0
2015-08-16,2333.0
2015-08-17,4319.0
2015-08-18,4508.0
2015-08-19,4548.0
2015-08-20,3846.0
2015-08-21,3606.0
2015-08-22,2090.0
2015-08-23,2016.0
2015-08-24,4072.0
2015-08-25,4473.0
2015-08-26,4331.0
2015-08-27,4336.0
2015-08-28,2653.0
2015-08-29,699.0
2015-08-30,1213.0
2015-08-31,2823.0
2015-09-01,2876.0
2015-09-02,3612.0
2015-09-03,3159.0
2015-09-04,2937.0
2015-09-05,1596.0
2015-09-06,891.0
2015-09-07,2005.0
2015-09-08,3665.0
2015-09-09,4313.0
2015-09-10,4030.0
2015-09-11,3761.0
2015-09-12,2191.0
2015-09-13,1327.0
2015-09-14,3284.0
2015-09-15,3657.0
2015-09-16,3731.0
2015-09-17,2453.0
2015-09-18,3000.0
2015-09-19,1834.0
2015-09-20,1303.0
2015-09-21,3805.0
2015-09-22,4551.0
2015-09-23,4562.0
2015-09-24,4321.0
2015-09-25,2684.0
2015-09-26,1768.0
2015-09-27,1571.0
2015-09-28,3862.0
2015-09-29,4336.0
2015-09-30,4055.0
2015-10-01,4101.0
2015-10-02,3017.0
2015-10-03,1739.0
2015-10-04,1975.0
2015-10-05,4053.0
2015-10-06,3885.0
2015-10-07,2359.0
2015-10-08,3588.0
2015-10-09,3119.0
2015-10-10,539.0
2015-10-11,1448.0
2015-10-12,3418.0
2015-10-13,3460.0
2015-10-14,3606.0
2015-10-15,3773.0
2015-10-16,3465.0
2015-10-17,1345.0
2015-10-18,837.0
2015-10-19,3021.0
2015-10-20,3795.0
2015-10-21,3492.0
2015-10-22,3606.0
2015-10-23,3087.0
2015-10-24,1188.0
2015-10-25,902.0
2015-10-26,2365.0
2015-10-27,3755.0
2015-10-28,2574.0
2015-10-29,3007.0
2015-10-30,1990.0
2015-10-31,494.0
2015-11-01,522.0
2015-11-02,3024.0
2015-11-03,3304.0
2015-11-04,3432.0
2015-11-05,2927.0
2015-11-06,2499.0
2015-11-07,525.0
2015-11-08,681.0
2015-11-09,2299.0
2015-11-10,3357.0
2015-11-11,2629.0
2015-11-12,2575.0
2015-11-13,1612.0
2015-11-14,405.0
2015-11-15,833.0
2015-11-16,2403.0
2015-11-17,1788.0
2015-11-18,2927.0
2015-11-19,2937.0
2015-11-20,2520.0
2015-11-21,1119.0
2015-11-22,958.0
2015-11-23,2278.0
2015-11-24,1952.0
2015-11-25,2016.0
2015-11-26,532.0
2015-11-27,882.0
2015-11-28,798.0
2015-11-29,605.0
2015-11-30,2329.0
2015-12-01,2598.0
2015-12-02,2515.0
2015-12-03,1884.0
2015-12-04,2268.0
2015-12-05,408.0
2015-12-06,480.0
2015-12-07,2041.0
2015-12-08,1756.0
2015-12-09,2220.0
2015-12-10,1841.0
2015-12-11,2057.0
2015-12-12,447.0
2015-12-13,490.0
2015-12-14,2521.0
2015-12-15,2430.0
2015-12-16,2436.0
2015-12-17,1658.0
2015-12-18,1708.0
2015-12-19,808.0
2015-12-20,512.0
2015-12-21,1275.0
2015-12-22,1635.0
2015-12-23,1219.0
2015-12-24,592.0
2015-12-25,264.0
2015-12-26,488.0
2015-12-27,202.0
2015-12-28,1206.0
2015-12-29,1508.0
2015-12-30,1460.0
2015-12-31,1065.0
2016-01-01,562.0
2016-01-02,733.0
2016-01-03,444.0
2016-01-04,1801.0
2016-01-05,2078.0
2016-01-06,2684.0
2016-01-07,2582.0
2016-01-08,2384.0
2016-01-09,960.0
2016-01-10,993.0
2016-01-11,2154.0
2016-01-12,1978.0
2016-01-13,1806.0
2016-01-14,2623.0
2016-01-15,1912.0
2016-01-16,574.0
2016-01-17,402.0
2016-01-18,1708.0
2016-01-19,2359.0
2016-01-20,2588.0
2016-01-21,1368.0
2016-01-22,2160.0
2016-01-23,418.0
2016-01-24,1052.0
2016-01-25,2968.0
2016-01-26,2168.0
2016-01-27,2350.0
2016-01-28,2093.0
2016-01-29,1989.0
2016-01-30,1027.0
2016-01-31,815.0
2016-02-01,2727.0
2016-02-02,3134.0
2016-02-03,2287.0
2016-02-04,2321.0
2016-02-05,2101.0
2016-02-06,884.0
2016-02-07,1010.0
2016-02-08,3160.0
2016-02-09,3455.0
2016-02-10,2495.0
2016-02-11,2253.0
2016-02-12,1920.0
2016-02-13,673.0
2016-02-14,606.0
2016-02-15,977.0
2016-02-16,2469.0
2016-02-17,2442.0
2016-02-18,2333.0
2016-02-19,1567.0
2016-02-20,1692.0
2016-02-21,671.0
2016-02-22,2769.0
2016-02-23,3286.0
2016-02-24,2982.0
2016-02-25,3322.0
2016-02-26,2395.0
2016-02-27,1257.0
2016-02-28,664.0
2016-02-29,2529.0
2016-03-01,1859.0
2016-03-02,2532.0
2016-03-03,2495.0
2016-03-04,2255.0
2016-03-05,1700.0
2016-03-06,682.0
2016-03-07,2022.0
2016-03-08,2901.0
2016-03-09,2024.0
2016-03-10,2042.0
2016-03-11,2226.0
2016-03-12,696.0
2016-03-13,334.0
2016-03-14,2147.0
2016-03-15,2539.0
2016-03-16,3114.0
2016-03-17,3248.0
2016-03-18,2811.0
2016-03-19,1494.0
2016-03-20,541.0
2016-03-21,2048.0
2016-03-22,2611.0
2016-03-23,2336.0
2016-03-24,2669.0
2016-03-25,2691.0
2016-03-26,1805.0
2016-03-27,446.0
2016-03-28,3111.0
2016-03-29,3926.0
2016-03-30,4301.0
2016-03-31,4198.0
2016-04-01,3916.0
2016-04-02,1968.0
2016-04-03,2127.0
2016-04-04,2804.0
2016-04-05,3544.0
2016-04-06,4220.0
2016-04-07,4583.0
2016-04-08,3883.0
2016-04-09,2347.0
2016-04-10,1603.0
2016-04-11,3225.0
2016-04-12,2503.0
2016-04-13,2938.0
2016-04-14,3241.0
2016-04-15,2868.0
2016-04-16,2281.0
2016-04-17,2223.0
2016-04-18,4678.0
2016-04-19,4877.0
2016-04-20,4786.0
2016-04-21,4276.0
2016-04-22,2718.0
2016-04-23,1671.0
2016-04-24,463.0
2016-04-25,2929.0
2016-04-26,4118.0
2016-04-27,3793.0
2016-04-28,3870.0
2016-04-29,2941.0
2016-04-30,2245.0
2016-05-01,2488.0
2016-05-02,5656.0
2016-05-03,5313.0
2016-05-04,4089.0
2016-05-05,4958.0
2016-05-06,4717.0
2016-05-07,2770.0
2016-05-08,1178.0
2016-05-09,4852.0
2016-05-10,5549.0
2016-05-11,5494.0
2016-05-12,5159.0
2016-05-13,4965.0
2016-05-14,1597.0
2016-05-15,1040.0
2016-05-16,3803.0
2016-05-17,5165.0
2016-05-18,4555.0
2016-05-19,3259.0
2016-05-20,4711.0
2016-05-21,741.0
2016-05-22,1958.0
2016-05-23,4207.0
2016-05-24,4651.0
2016-05-25,4503.0
2016-05-26,3970.0
2016-05-27,2863.0
2016-05-28,1185.0
2016-05-29,899.0
2016-05-30,2965.0
2016-05-31,4899.0
2016-06-01,4809.0
2016-06-02,4085.0
2016-06-03,4470.0
2016-06-04,2639.0
2016-06-05,2133.0
2016-06-06,4764.0
2016-06-07,5087.0
2016-06-08,4627.0
2016-06-09,3970.0
2016-06-10,3278.0
2016-06-11,1660.0
2016-06-12,2174.0
2016-06-13,3561.0
2016-06-14,3214.0
2016-06-15,4388.0
2016-06-16,4319.0
2016-06-17,3553.0
2016-06-18,1117.0
2016-06-19,2273.0
2016-06-20,4348.0
2016-06-21,4425.0
2016-06-22,4724.0
2016-06-23,2572.0
2016-06-24,2615.0
2016-06-25,2223.0
2016-06-26,2500.0
2016-06-27,4546.0
2016-06-28,4745.0
2016-06-29,4484.0
2016-06-30,4314.0
2016-07-01,3698.0
2016-07-02,2014.0
2016-07-03,1781.0
2016-07-04,2208.0
2016-07-05,3221.0
2016-07-06,4816.0
2016-07-07,3426.0
2016-07-08,3974.0
2016-07-09,2029.0
2016-07-10,2229.0
2016-07-11,4145.0
2016-07-12,4384.0
2016-07-13,4696.0
2016-07-14,4621.0
2016-07-15,3836.0
2016-07-16,2069.0
2016-07-17,2037.0
2016-07-18,3897.0
2016-07-19,4478.0
2016-07-20,4648.0
2016-07-21,4551.0
2016-07-22,2078.0
2016-07-23,2107.0
2016-07-24,2170.0
2016-07-25,4375.0
2016-07-26,4744.0
2016-07-27,4794.0
2016-07-28,4483.0
2016-07-29,3938.0
2016-07-30,2131.0
2016-07-31,2105.0
2016-08-01,4249.0
2016-08-02,3557.0
2016-08-03,4521.0
2016-08-04,4523.0
2016-08-05,3855.0
2016-08-06,1978.0
2016-08-07,1604.0
2016-08-08,3513.0
2016-08-09,4161.0
2016-08-10,4510.0
2016-08-11,4569.0
2016-08-12,3873.0
2016-08-13,1891.0
2016-08-14,2602.0
2016-08-15,4366.0
2016-08-16,4670.0
2016-08-17,4611.0
2016-08-18,4441.0
2016-08-19,3724.0
2016-08-20,1951.0
2016-08-21,1744.0
2016-08-22,4292.0
2016-08-23,4685.0
2016-08-24,4623.0
2016-08-25,4382.0
2016-08-26,3896.0
2016-08-27,1733.0
2016-08-28,1535.0
2016-08-29,4323.0
2016-08-30,4392.0
2016-08-31,3606.0
2016-09-01,3340.0
2016-09-02,2120.0
2016-09-03,1358.0
2016-09-04,1784.0
2016-09-05,1516.0
2016-09-06,2895.0
2016-09-07,3299.0
2016-09-08,3710.0
2016-09-09,3938.0
2016-09-10,2197.0
2016-09-11,1687.0
2016-09-12,4243.0
2016-09-13,4561.0
2016-09-14,4496.0
2016-09-15,4217.0
2016-09-16,3732.0
2016-09-17,921.0
2016-09-18,1693.0
2016-09-19,3073.0
2016-09-20,4279.0
2016-09-21,4089.0
2016-09-22,4292.0
2016-09-23,2719.0
2016-09-24,1710.0
2016-09-25,1673.0
2016-09-26,4382.0
2016-09-27,4182.0
2016-09-28,4313.0
2016-09-29,3993.0
2016-09-30,3745.0
2016-10-01,1076.0
2016-10-02,1586.0
2016-10-03,3715.0
2016-10-04,2981.0
2016-10-05,3460.0
2016-10-06,3280.0
2016-10-07,2495.0
2016-10-08,700.0
2016-10-09,1077.0
2016-10-10,3598.0
2016-10-11,3999.0
2016-10-12,3880.0
2016-10-13,1477.0
2016-10-14,942.0
2016-10-15,292.0
2016-10-16,489.0
2016-10-17,2798.0
2016-10-18,2989.0
2016-10-19,3486.0
2016-10-20,2010.0
2016-10-21,2759.0
2016-10-22,1510.0
2016-10-23,1109.0
2016-10-24,2996.0
2016-10-25,3380.0
2016-10-26,1935.0
2016-10-27,2817.0
2016-10-28,3202.0
2016-10-29,788.0
2016-10-30,859.0
2016-10-31,2198.0
2016-11-01,2500.0
2016-11-02,2453.0
2016-11-03,3635.0
2016-11-04,3318.0
2016-11-05,439.0
2016-11-06,1509.0
2016-11-07,3243.0
2016-11-08,3947.0
2016-11-09,2782.0
2016-11-10,3480.0
2016-11-11,2508.0
2016-11-12,881.0
2016-11-13,606.0
2016-11-14,3084.0
2016-11-15,2475.0
2016-11-16,2930.0
2016-11-17,3057.0
2016-11-18,2719.0
2016-11-19,839.0
2016-11-20,544.0
2016-11-21,2956.0
2016-11-22,2136.0
2016-11-23,1794.0
2016-11-24,179.0
2016-11-25,967.0
2016-11-26,428.0
2016-11-27,490.0
2016-11-28,2781.0
2016-11-29,3026.0
2016-11-30,2391.0
2016-12-01,2806.0
2016-12-02,1732.0
2016-12-03,847.0
2016-12-04,916.0
2016-12-05,1513.0
2016-12-06,1972.0
2016-12-07,1940.0
2016-12-08,1604.0
2016-12-09,566.0
2016-12-10,421.0
2016-12-11,456.0
2016-12-12,2008.0
2016-12-13,2274.0
2016-12-14,2005.0
2016-12-15,1875.0
2016-12-16,1508.0
2016-12-17,518.0
2016-12-18,456.0
2016-12-19,1427.0
2016-12-20,1830.0
2016-12-21,1998.0
2016-12-22,1408.0
2016-12-23,555.0
2016-12-24,385.0
2016-12-25,260.0
2016-12-26,383.0
2016-12-27,1105.0
2016-12-28,1472.0
2016-12-29,1134.0
2016-12-30,1091.0
2016-12-31,472.0
2017-01-01,326.0
2017-01-02,623.0
2017-01-03,1736.0
2017-01-04,1808.0
2017-01-05,1777.0
2017-01-06,1648.0
2017-01-07,538.0
2017-01-08,268.0
2017-01-09,2014.0
2017-01-10,1820.0
2017-01-11,1873.0
2017-01-12,1838.0
2017-01-13,1704.0
2017-01-14,731.0
2017-01-15,813.0
2017-01-16,1442.0
2017-01-17,1745.0
2017-01-18,1406.0
2017-01-19,1945.0
2017-01-20,2220.0
2017-01-21,1363.0
2017-01-22,433.0
2017-01-23,2635.0
2017-01-24,2574.0
2017-01-25,2342.0
2017-01-26,2518.0
2017-01-27,2383.0
2017-01-28,1215.0
2017-01-29,814.0
2017-01-30,2645.0
2017-01-31,2608.0
2017-02-01,2406.0
2017-02-02,2354.0
2017-02-03,1121.0
2017-02-04,353.0
2017-02-05,292.0
2017-02-06,368.0
2017-02-07,1403.0
2017-02-08,1436.0
2017-02-09,1246.0
2017-02-10,1707.0
2017-02-11,1023.0
2017-02-12,1231.0
2017-02-13,3027.0
2017-02-14,2904.0
2017-02-15,1561.0
2017-02-16,2308.0
2017-02-17,2619.0
2017-02-18,559.0
2017-02-19,564.0
2017-02-20,969.0
2017-02-21,1937.0
2017-02-22,2176.0
2017-02-23,2117.0
2017-02-24,1860.0
2017-02-25,981.0
2017-02-26,474.0
2017-02-27,1047.0
2017-02-28,1958.0
2017-03-01,2360.0
2017-03-02,2198.0
2017-03-03,1563.0
2017-03-04,1125.0
2017-03-05,675.0
2017-03-06,2345.0
2017-03-07,1727.0
2017-03-08,2188.0
2017-03-09,1748.0
2017-03-10,1971.0
2017-03-11,474.0
2017-03-12,736.0
2017-03-13,1854.0
2017-03-14,1955.0
2017-03-15,1821.0
2017-03-16,2828.0
2017-03-17,1800.0
2017-03-18,597.0
2017-03-19,1887.0
2017-03-20,2718.0
2017-03-21,2163.0
2017-03-22,2647.0
2017-03-23,2853.0
2017-03-24,1585.0
2017-03-25,1593.0
2017-03-26,466.0
2017-03-27,2597.0
2017-03-28,2329.0
2017-03-29,2108.0
2017-03-30,2849.0
2017-03-31,2987.0
2017-04-01,1237.0
2017-04-02,1471.0
2017-04-03,3513.0
2017-04-04,3227.0
2017-04-05,1904.0
2017-04-06,2364.0
2017-04-07,1722.0
2017-04-08,975.0
2017-04-09,1655.0
2017-04-10,2340.0
2017-04-11,3337.0
2017-04-12,1819.0
2017-04-13,2487.0
2017-04-14,2297.0
2017-04-15,1806.0
2017-04-16,1562.0
2017-04-17,2653.0
2017-04-18,2782.0
2017-04-19,2575.0
2017-04-20,3085.0
2017-04-21,4109.0
2017-04-22,1025.0
2017-04-23,659.0
2017-04-24,3065.0
2017-04-25,3356.0
2017-04-26,2539.0
2017-04-27,2961.0
2017-04-28,3315.0
2017-04-29,1358.0
2017-04-30,1215.0
2017-05-01,3363.0
2017-05-02,3696.0
2017-05-03,4543.0
2017-05-04,3476.0
2017-05-05,2733.0
2017-05-06,2038.0
2017-05-07,2098.0
2017-05-08,4387.0
2017-05-09,5071.0
2017-05-10,4999.0
2017-05-11,2918.0
2017-05-12,3050.0
2017-05-13,1333.0
2017-05-14,1016.0
2017-05-15,2918.0
2017-05-16,2372.0
2017-05-17,4125.0
2017-05-18,4397.0
2017-05-19,5392.0
2017-05-20,2550.0
2017-05-21,2431.0
2017-05-22,5229.0
2017-05-23,5478.0
2017-05-24,4535.0
2017-05-25,4942.0
2017-05-26,4543.0
2017-05-27,2405.0
2017-05-28,2671.0
2017-05-29,2396.0
2017-05-30,3491.0
2017-05-31,4493.0
2017-06-01,3846.0
2017-06-02,4040.0
2017-06-03,1891.0
2017-06-04,2050.0
2017-06-05,4657.0
2017-06-06,5140.0
2017-06-07,5072.0
2017-06-08,2480.0
2017-06-09,3367.0
2017-06-10,2607.0
2017-06-11,2117.0
2017-06-12,4006.0
2017-06-13,3427.0
2017-06-14,4399.0
2017-06-15,2186.0
2017-06-16,3665.0
2017-06-17,1709.0
2017-06-18,1673.0
2017-06-19,4221.0
2017-06-20,3935.0
2017-06-21,4650.0
2017-06-22,5011.0
2017-06-23,4303.0
2017-06-24,2446.0
2017-06-25,2164.0
2017-06-26,4370.0
2017-06-27,4702.0
2017-06-28,4559.0
2017-06-29,4743.0
2017-06-30,4365.0
2017-07-01,2158.0
2017-07-02,2255.0
2017-07-03,3100.0
2017-07-04,3099.0
2017-07-05,4525.0
2017-07-06,4980.0
2017-07-07,4800.0
2017-07-08,2622.0
2017-07-09,2274.0
2017-07-10,4806.0
2017-07-11,4988.0
2017-07-12,5250.0
2017-07-13,3968.0
2017-07-14,4329.0
2017-07-15,2426.0
2017-07-16,2131.0
2017-07-17,4791.0
2017-07-18,5238.0
2017-07-19,5088.0
2017-07-20,4615.0
2017-07-21,4013.0
2017-07-22,2338.0
2017-07-23,2155.0
2017-07-24,4907.0
2017-07-25,5094.0
2017-07-26,5087.0
2017-07-27,3980.0
2017-07-28,4311.0
2017-07-29,2435.0
2017-07-30,2219.0
2017-07-31,4922.0
2017-08-01,5166.0
2017-08-02,4720.0
2017-08-03,4097.0
2017-08-04,3735.0
2017-08-05,2026.0
2017-08-06,2172.0
2017-08-07,4448.0
2017-08-08,4820.0
2017-08-09,4699.0
2017-08-10,4436.0
2017-08-11,4042.0
2017-08-12,2205.0
2017-08-13,3268.0
2017-08-14,4423.0
2017-08-15,4915.0
2017-08-16,5010.0
2017-08-17,4715.0
2017-08-18,3943.0
2017-08-19,2170.0
2017-08-20,1838.0
2017-08-21,3768.0
2017-08-22,4489.0
2017-08-23,4678.0
2017-08-24,4333.0
2017-08-25,4072.0
2017-08-26,2241.0
2017-08-27,2106.0
2017-08-28,4370.0
2017-08-29,4793.0
2017-08-30,4582.0
2017-08-31,3908.0
2017-09-01,3786.0
2017-09-02,2153.0
2017-09-03,1879.0
2017-09-04,2121.0
2017-09-05,3550.0
2017-09-06,3664.0
2017-09-07,3879.0
2017-09-08,3637.0
2017-09-09,1601.0
2017-09-10,2116.0
2017-09-11,4680.0
2017-09-12,4812.0
2017-09-13,4555.0
2017-09-14,4451.0
2017-09-15,4116.0
2017-09-16,2153.0
2017-09-17,1033.0
2017-09-18,3011.0
2017-09-19,2580.0
2017-09-20,3331.0
2017-09-21,3370.0
2017-09-22,3840.0
2017-09-23,2207.0
2017-09-24,1968.0
2017-09-25,3431.0
2017-09-26,4649.0
2017-09-27,4758.0
2017-09-28,4913.0
2017-09-29,2970.0
2017-09-30,1284.0
2017-10-01,1378.0
2017-10-02,3932.0
2017-10-03,4417.0
2017-10-04,4239.0
2017-10-05,4173.0
2017-10-06,3574.0
2017-10-07,1251.0
2017-10-08,1389.0
2017-10-09,3957.0
2017-10-10,3318.0
2017-10-11,3339.0
2017-10-12,2712.0
2017-10-13,2742.0
2017-10-14,1366.0
2017-10-15,1761.0
2017-10-16,3921.0
2017-10-17,2746.0
2017-10-18,2301.0
2017-10-19,2167.0
2017-10-20,2291.0
2017-10-21,452.0
2017-10-22,1285.0
2017-10-23,3940.0
2017-10-24,4151.0
2017-10-25,3432.0
2017-10-26,3549.0
2017-10-27,3520.0
2017-10-28,1814.0
2017-10-29,1218.0
2017-10-30,3944.0
2017-10-31,3864.0
2017-11-01,3358.0
2017-11-02,2869.0
2017-11-03,1999.0
2017-11-04,765.0
2017-11-05,315.0
2017-11-06,3222.0
2017-11-07,3268.0
2017-11-08,2879.0
2017-11-09,2326.0
2017-11-10,2408.0
2017-11-11,651.0
2017-11-12,579.0
2017-11-13,2077.0
2017-11-14,2482.0
2017-11-15,2215.0
2017-11-16,2554.0
2017-11-17,2761.0
2017-11-18,1480.0
2017-11-19,704.0
2017-11-20,1988.0
2017-11-21,1707.0
2017-11-22,1922.0
2017-11-23,370.0
2017-11-24,863.0
2017-11-25,858.0
2017-11-26,442.0
2017-11-27,3098.0
2017-11-28,2331.0
2017-11-29,3119.0
2017-11-30,2074.0
2017-12-01,2221.0
2017-12-02,383.0
2017-12-03,797.0
2017-12-04,2913.0
2017-12-05,2949.0
2017-12-06,2902.0
2017-12-07,2690.0
2017-12-08,2080.0
2017-12-09,810.0
2017-12-10,897.0
2017-12-11,2410.0
2017-12-12,2645.0
2017-12-13,2741.0
2017-12-14,2569.0
2017-12-15,1942.0
2017-12-16,806.0
2017-12-17,469.0
2017-12-18,1768.0
2017-12-19,1387.0
2017-12-20,2133.0
2017-12-21,1736.0
2017-12-22,1159.0
2017-12-23,586.0
2017-12-24,248.0
2017-12-25,48.0
2017-12-26,554.0
2017-12-27,997.0
2017-12-28,972.0
2017-12-29,591.0
2017-12-30,725.0
2017-12-31,734.0
2018-01-01,674.0
2018-01-02,2498.0
2018-01-03,2827.0
2018-01-04,2578.0
2018-01-05,1866.0
2018-01-06,629.0
2018-01-07,448.0
2018-01-08,2909.0
2018-01-09,2215.0
2018-01-10,2450.0
2018-01-11,1756.0
2018-01-12,2140.0
2018-01-13,1058.0
2018-01-14,1579.0
2018-01-15,2220.0
2018-01-16,2782.0
2018-01-17,2313.0
2018-01-18,2269.0
2018-01-19,2251.0
2018-01-20,944.0
2018-01-21,402.0
2018-01-22,2811.0
2018-01-23,1976.0
2018-01-24,2047.0
2018-01-25,2275.0
2018-01-26,2045.0
2018-01-27,565.0
2018-01-28,678.0
2018-01-29,1972.0
2018-01-30,2878.0
2018-01-31,2536.0
2018-02-01,2227.0
2018-02-02,2128.0
2018-02-03,696.0
2018-02-04,938.0
2018-02-05,2767.0
2018-02-06,2830.0
2018-02-07,2818.0
2018-02-08,2553.0
2018-02-09,2424.0
2018-02-10,1495.0
2018-02-11,1088.0
2018-02-12,3011.0
2018-02-13,2782.0
2018-02-14,2280.0
2018-02-15,2644.0
2018-02-16,1860.0
2018-02-17,768.0
2018-02-18,426.0
2018-02-19,1206.0
2018-02-20,1885.0
2018-02-21,1822.0
2018-02-22,1022.0
2018-02-23,1126.0
2018-02-24,686.0
2018-02-25,698.0
2018-02-26,2278.0
2018-02-27,2247.0
2018-02-28,1972.0
2018-03-01,2810.0
2018-03-02,2181.0
2018-03-03,1508.0
2018-03-04,777.0
2018-03-05,2742.0
2018-03-06,3366.0
2018-03-07,2973.0
2018-03-08,1737.0
2018-03-09,2598.0
2018-03-10,1957.0
2018-03-11,2371.0
2018-03-12,4251.0
2018-03-13,2346.0
2018-03-14,3042.0
2018-03-15,3500.0
2018-03-16,3211.0
2018-03-17,1403.0
2018-03-18,1597.0
2018-03-19,3426.0
2018-03-20,3653.0
2018-03-21,3280.0
2018-03-22,1847.0
2018-03-23,1728.0
2018-03-24,1261.0
2018-03-25,1470.0
2018-03-26,2332.0
2018-03-27,2520.0
2018-03-28,3325.0
2018-03-29,3231.0
2018-03-30,2841.0
2018-03-31,2000.0
2018-04-01,622.0
2018-04-02,3423.0
2018-04-03,3393.0
2018-04-04,2245.0
2018-04-05,2255.0
2018-04-06,3072.0
2018-04-07,664.0
2018-04-08,1081.0
2018-04-09,3731.0
2018-04-10,2357.0
2018-04-11,2427.0
2018-04-12,2395.0
2018-04-13,1628.0
2018-04-14,439.0
2018-04-15,951.0
2018-04-16,2134.0
2018-04-17,3337.0
2018-04-18,3700.0
2018-04-19,4133.0
2018-04-20,3314.0
2018-04-21,1580.0
2018-04-22,2085.0
2018-04-23,4456.0
2018-04-24,5188.0
2018-04-25,5060.0
2018-04-26,5174.0
2018-04-27,3421.0
2018-04-28,633.0
2018-04-29,1500.0
2018-04-30,3549.0
2018-05-01,4771.0
2018-05-02,5332.0
2018-05-03,4978.0
2018-05-04,4088.0
2018-05-05,2495.0
2018-05-06,2385.0
2018-05-07,4816.0
2018-05-08,5143.0
2018-05-09,4833.0
2018-05-10,3773.0
2018-05-11,4403.0
2018-05-12,2932.0
2018-05-13,2593.0
2018-05-14,5443.0
2018-05-15,5479.0
2018-05-16,5240.0
2018-05-17,4850.0
2018-05-18,5238.0
2018-05-19,2449.0
2018-05-20,1825.0
2018-05-21,5105.0
2018-05-22,5787.0
2018-05-23,5632.0
2018-05-24,4845.0
2018-05-25,4045.0
2018-05-26,2178.0
2018-05-27,2626.0
2018-05-28,2424.0
2018-05-29,4448.0
2018-05-30,5077.0
2018-05-31,4580.0
2018-06-01,4167.0
2018-06-02,2911.0
2018-06-03,1344.0
2018-06-04,3817.0
2018-06-05,5023.0
2018-06-06,5220.0
2018-06-07,4715.0
2018-06-08,2806.0
2018-06-09,1423.0
2018-06-10,1523.0
2018-06-11,4814.0
2018-06-12,4980.0
2018-06-13,2770.0
2018-06-14,4075.0
2018-06-15,4378.0
2018-06-16,2519.0
2018-06-17,2673.0
2018-06-18,5141.0
2018-06-19,5483.0
2018-06-20,5247.0
2018-06-21,4908.0
2018-06-22,3966.0
2018-06-23,2311.0
2018-06-24,2623.0
2018-06-25,3558.0
2018-06-26,4771.0
2018-06-27,4942.0
2018-06-28,4387.0
2018-06-29,4919.0
2018-06-30,1731.0
2018-07-01,1733.0
2018-07-02,4344.0
2018-07-03,4932.0
2018-07-04,3779.0
2018-07-05,4311.0
2018-07-06,4092.0
2018-07-07,2626.0
2018-07-08,2757.0
2018-07-09,4798.0
2018-07-10,5102.0
2018-07-11,5403.0
2018-07-12,5332.0
2018-07-13,4513.0
2018-07-14,2631.0
2018-07-15,2193.0
2018-07-16,4864.0
2018-07-17,5359.0
2018-07-18,5286.0
2018-07-19,4759.0
2018-07-20,4249.0
2018-07-21,2669.0
2018-07-22,2336.0
2018-07-23,4951.0
2018-07-24,5450.0
2018-07-25,5171.0
2018-07-26,5140.0
2018-07-27,4509.0
2018-07-28,2535.0
2018-07-29,2266.0
2018-07-30,4801.0
2018-07-31,5127.0
2018-08-01,5058.0
2018-08-02,4253.0
2018-08-03,3675.0
2018-08-04,2397.0
2018-08-05,2274.0
2018-08-06,5030.0
2018-08-07,5383.0
2018-08-08,5212.0
2018-08-09,4850.0
2018-08-10,4556.0
2018-08-11,3080.0
2018-08-12,2120.0
2018-08-13,4869.0
2018-08-14,4552.0
2018-08-15,4224.0
2018-08-16,4145.0
2018-08-17,4061.0
2018-08-18,2243.0
2018-08-19,1945.0
2018-08-20,2980.0
2018-08-21,2361.0
2018-08-22,2361.0
2018-08-23,3201.0
2018-08-24,3560.0
2018-08-25,1332.0
2018-08-26,1428.0
2018-08-27,4203.0
2018-08-28,5044.0
2018-08-29,4485.0
2018-08-30,3676.0
2018-08-31,3251.0
2018-09-01,1795.0
2018-09-02,2138.0
2018-09-03,2225.0
2018-09-04,4322.0
2018-09-05,4850.0
2018-09-06,4882.0
2018-09-07,3912.0
2018-09-08,1750.0
2018-09-09,1751.0
2018-09-10,3690.0
2018-09-11,3841.0
2018-09-12,3856.0
2018-09-13,3786.0
2018-09-14,2656.0
2018-09-15,1328.0
2018-09-16,1170.0
2018-09-17,4351.0
2018-09-18,4467.0
2018-09-19,4127.0
2018-09-20,3435.0
2018-09-21,3405.0
2018-09-22,1525.0
2018-09-23,1735.0
2018-09-24,4478.0
2018-09-25,4578.0
2018-09-26,4519.0
2018-09-27,4298.0
2018-09-28,4115.0
2018-09-29,1938.0
2018-09-30,1319.0
2018-10-01,3219.0
2018-10-02,3839.0
2018-10-03,3881.0
2018-10-04,3906.0
2018-10-05,2247.0
2018-10-06,1484.0
2018-10-07,863.0
2018-10-08,2637.0
2018-10-09,3445.0
2018-10-10,4038.0
2018-10-11,3973.0
2018-10-12,3553.0
2018-10-13,1744.0
2018-10-14,1779.0
2018-10-15,4030.0
2018-10-16,4415.0
2018-10-17,4294.0
2018-10-18,4090.0
2018-10-19,3527.0
2018-10-20,1578.0
2018-10-21,1232.0
2018-10-22,3445.0
2018-10-23,3479.0
2018-10-24,3642.0
2018-10-25,2533.0
2018-10-26,2673.0
2018-10-27,1097.0
2018-10-28,633.0
2018-10-29,3173.0
2018-10-30,3515.0
2018-10-31,3018.0
2018-11-01,3088.0
2018-11-02,2817.0
2018-11-03,681.0
2018-11-04,1220.0
2018-11-05,3307.0
2018-11-06,3539.0
2018-11-07,3538.0
2018-11-08,3327.0
2018-11-09,2499.0
2018-11-10,1164.0
2018-11-11,1120.0
2018-11-12,2872.0
2018-11-13,3457.0
2018-11-14,2738.0
2018-11-15,3235.0
2018-11-16,2918.0
2018-11-17,1673.0
2018-11-18,1401.0
2018-11-19,3319.0
2018-11-20,3050.0
2018-11-21,1879.0
2018-11-22,325.0
2018-11-23,599.0
2018-11-24,1013.0
2018-11-25,931.0
2018-11-26,1949.0
2018-11-27,2574.0
2018-11-28,2351.0
2018-11-29,3236.0
2018-11-30,2611.0
2018-12-01,774.0
2018-12-02,705.0
2018-12-03,3091.0
2018-12-04,2893.0
2018-12-05,2717.0
2018-12-06,2592.0
2018-12-07,2430.0
2018-12-08,826.0
2018-12-09,292.0
2018-12-10,2833.0
2018-12-11,2146.0
2018-12-12,2604.0
2018-12-13,2182.0
2018-12-14,2254.0
2018-12-15,1093.0
2018-12-16,352.0
2018-12-17,2375.0
2018-12-18,1966.0
2018-12-19,2325.0
2018-12-20,1495.0
2018-12-21,1912.0
2018-12-22,591.0
2018-12-23,338.0
2018-12-24,775.0
2018-12-25,298.0
2018-12-26,795.0
2018-12-27,1339.0
2018-12-28,822.0
2018-12-29,319.0
2018-12-30,748.0
2018-12-31,1059.0
2019-01-01,687.0
2019-01-02,2393.0
2019-01-03,1743.0
2019-01-04,2179.0
2019-01-05,975.0
2019-01-06,613.0
2019-01-07,3061.0
2019-01-08,2404.0
2019-01-09,2375.0
2019-01-10,2898.0
2019-01-11,3018.0
2019-01-12,1671.0
2019-01-13,1573.0
2019-01-14,3987.0
2019-01-15,3383.0
2019-01-16,3360.0
2019-01-17,2684.0
2019-01-18,2464.0
2019-01-19,976.0
2019-01-20,829.0
2019-01-21,2041.0
2019-01-22,2691.0
2019-01-23,2781.0
2019-01-24,3144.0
2019-01-25,3077.0
2019-01-26,1530.0
2019-01-27,939.0
2019-01-28,3478.0
2019-01-29,3540.0
2019-01-30,3229.0
2019-01-31,3160.0
2019-02-01,1756.0
2019-02-02,1403.0
2019-02-03,3805.0
2019-02-04,260.0
2019-02-05,344.0
2019-02-06,802.0
2019-02-07,1165.0
2019-02-08,703.0
2019-02-09,67.0
2019-02-10,38.0
2019-02-11,101.0
2019-02-12,123.0
2019-02-13,600.0
2019-02-14,881.0
2019-02-15,1339.0
2019-02-16,420.0
2019-02-17,658.0
2019-02-18,1292.0
2019-02-19,1946.0
2019-02-20,2071.0
2019-02-21,2494.0
2019-02-22,1653.0
2019-02-23,643.0
2019-02-24,933.0
2019-02-25,2643.0
2019-02-26,2803.0
2019-02-27,2415.0
2019-02-28,2741.0
2019-03-01,2657.0
2019-03-02,1481.0
2019-03-03,1273.0
2019-03-04,2953.0
2019-03-05,3054.0
2019-03-06,2247.0
2019-03-07,1505.0
2019-03-08,1876.0
2019-03-09,1329.0
2019-03-10,1468.0
2019-03-11,2767.0
2019-03-12,2209.0
2019-03-13,3039.0
2019-03-14,3080.0
2019-03-15,3021.0
2019-03-16,1840.0
2019-03-17,2234.0
2019-03-18,4316.0
2019-03-19,4950.0
2019-03-20,4831.0
2019-03-21,3979.0
2019-03-22,3055.0
2019-03-23,1819.0
2019-03-24,1706.0
2019-03-25,2957.0
2019-03-26,3742.0
2019-03-27,3790.0
2019-03-28,3790.0
2019-03-29,3588.0
2019-03-30,2537.0
2019-03-31,2364.0
2019-04-01,4331.0
2019-04-02,4461.0
2019-04-03,3184.0
2019-04-04,4056.0
2019-04-05,2386.0
2019-04-06,711.0
2019-04-07,1206.0
2019-04-08,2699.0
2019-04-09,3347.0
2019-04-10,2739.0
2019-04-11,2317.0
2019-04-12,2941.0
2019-04-13,797.0
2019-04-14,985.0
2019-04-15,3762.0
2019-04-16,3599.0
2019-04-17,3688.0
2019-04-18,2667.0
2019-04-19,2221.0
2019-04-20,2036.0
2019-04-21,1560.0
2019-04-22,2975.0
2019-04-23,3812.0
2019-04-24,4431.0
2019-04-25,3970.0
2019-04-26,3839.0
2019-04-27,1519.0
2019-04-28,2249.0
2019-04-29,4516.0
2019-04-30,4928.0
2019-05-01,5061.0
2019-05-02,4362.0
2019-05-03,4110.0
2019-05-04,2672.0
2019-05-05,2565.0
2019-05-06,5246.0
2019-05-07,5644.0
2019-05-08,5469.0
2019-05-09,5451.0
2019-05-10,5129.0
2019-05-11,2905.0
2019-05-12,1798.0
2019-05-13,4712.0
2019-05-14,3308.0
2019-05-15,4320.0
2019-05-16,3544.0
2019-05-17,4603.0
2019-05-18,3263.0
2019-05-19,2151.0
2019-05-20,3275.0
2019-05-21,4179.0
2019-05-22,5816.0
2019-05-23,6183.0
2019-05-24,3519.0
2019-05-25,1036.0
2019-05-26,2986.0
2019-05-27,3791.0
2019-05-28,5327.0
2019-05-29,5673.0
2019-05-30,5708.0
2019-05-31,5317.0
2019-06-01,3059.0
2019-06-02,2963.0
2019-06-03,5376.0
2019-06-04,5791.0
2019-06-05,5377.0
2019-06-06,4714.0
2019-06-07,3287.0
2019-06-08,2973.0
2019-06-09,2989.0
2019-06-10,5719.0
2019-06-11,6428.0
2019-06-12,6026.0
2019-06-13,5995.0
2019-06-14,4911.0
2019-06-15,3335.0
2019-06-16,3270.0
2019-06-17,5383.0
2019-06-18,3936.0
2019-06-19,5372.0
2019-06-20,4908.0
2019-06-21,4648.0
2019-06-22,2778.0
2019-06-23,1751.0
2019-06-24,4948.0
2019-06-25,6060.0
2019-06-26,5032.0
2019-06-27,3969.0
2019-06-28,4797.0
2019-06-29,3183.0
2019-06-30,3534.0
2019-07-01,5705.0
2019-07-02,3495.0
2019-07-03,3998.0
2019-07-04,3962.0
2019-07-05,2715.0
2019-07-06,2974.0
2019-07-07,2064.0
2019-07-08,4714.0
2019-07-09,5051.0
2019-07-10,3166.0
2019-07-11,5565.0
2019-07-12,5178.0
2019-07-13,3086.0
2019-07-14,3122.0
2019-07-15,4760.0
2019-07-16,5737.0
2019-07-17,3954.0
2019-07-18,4678.0
2019-07-19,4713.0
2019-07-20,3252.0
2019-07-21,3033.0
2019-07-22,5729.0
2019-07-23,5739.0
2019-07-24,5857.0
2019-07-25,5834.0
2019-07-26,6369.0
2019-07-27,2366.0
2019-07-28,3116.0
2019-07-29,5859.0
2019-07-30,5769.0
2019-07-31,6154.0
2019-08-01,6051.0
2019-08-02,4652.0
2019-08-03,3112.0
2019-08-04,2933.0
2019-08-05,5807.0
2019-08-06,5845.0
2019-08-07,5634.0
2019-08-08,5475.0
2019-08-09,5041.0
2019-08-10,3497.0
2019-08-11,2411.0
2019-08-12,5675.0
2019-08-13,6151.0
2019-08-14,6173.0
2019-08-15,5823.0
2019-08-16,4720.0
2019-08-17,2680.0
2019-08-18,2642.0
2019-08-19,5321.0
2019-08-20,5711.0
2019-08-21,2933.0
2019-08-22,5304.0
2019-08-23,4477.0
2019-08-24,2504.0
2019-08-25,2902.0
2019-08-26,5544.0
2019-08-27,6210.0
2019-08-28,5695.0
2019-08-29,4876.0
2019-08-30,4130.0
2019-08-31,2485.0
2019-09-01,2454.0
2019-09-02,2852.0
2019-09-03,5603.0
2019-09-04,5780.0
2019-09-05,5718.0
2019-09-06,5191.0
2019-09-07,2154.0
2019-09-08,1256.0
2019-09-09,3715.0
2019-09-10,4173.0
2019-09-11,5572.0
2019-09-12,5383.0
2019-09-13,4158.0
2019-09-14,2164.0
2019-09-15,668.0
2019-09-16,4862.0
2019-09-17,3054.0
2019-09-18,4598.0
2019-09-19,4970.0
2019-09-20,4508.0
2019-09-21,2648.0
2019-09-22,559.0
2019-09-23,4199.0
2019-09-24,4674.0
2019-09-25,5429.0
2019-09-26,4130.0
2019-09-27,3413.0
2019-09-28,1859.0
2019-09-29,1424.0
2019-09-30,5006.0
2019-10-01,5221.0
2019-10-02,4795.0
2019-10-03,4258.0
2019-10-04,3686.0
2019-10-05,2063.0
2019-10-06,2241.0
2019-10-07,3904.0
2019-10-08,3707.0
2019-10-09,4475.0
2019-10-10,4193.0
2019-10-11,4044.0
2019-10-12,1575.0
2019-10-13,1597.0
2019-10-14,4684.0
2019-10-15,4648.0
2019-10-16,2862.0
2019-10-17,2968.0
2019-10-18,2714.0
2019-10-19,826.0
2019-10-20,630.0
2019-10-21,3150.0
2019-10-22,3723.0
2019-10-23,4635.0
2019-10-24,4667.0
2019-10-25,3453.0
2019-10-26,1458.0
2019-10-27,1755.0
2019-10-28,4322.0
2019-10-29,4323.0
2019-10-30,4094.0
2019-10-31,3827.0
2019-11-01,3762.0
2019-11-02,1964.0
2019-11-03,1735.0
2019-11-04,4596.0
2019-11-05,4554.0
2019-11-06,4417.0
2019-11-07,4290.0
2019-11-08,3836.0
2019-11-09,681.0
2019-11-10,1308.0
2019-11-11,3694.0
2019-11-12,3329.0
2019-11-13,4467.0
2019-11-14,3687.0
2019-11-15,3218.0
2019-11-16,1210.0
2019-11-17,710.0
2019-11-18,3219.0
2019-11-19,3645.0
2019-11-20,4527.0
2019-11-21,4026.0
2019-11-22,3332.0
2019-11-23,1284.0
2019-11-24,1260.0
2019-11-25,3243.0
2019-11-26,3329.0
2019-11-27,2576.0
2019-11-28,579.0
2019-11-29,1857.0
2019-11-30,628.0
2019-12-01,1015.0
2019-12-02,3259.0
2019-12-03,3374.0
2019-12-04,3339.0
2019-12-05,3677.0
2019-12-06,3308.0
2019-12-07,660.0
2019-12-08,1149.0
2019-12-09,4017.0
2019-12-10,3312.0
2019-12-11,2867.0
2019-12-12,2695.0
2019-12-13,2913.0
2019-12-14,726.0
2019-12-15,677.0
2019-12-16,3549.0
2019-12-17,3699.0
2019-12-18,3127.0
2019-12-19,2215.0
2019-12-20,1138.0
2019-12-21,292.0
2019-12-22,703.0
2019-12-23,1490.0
2019-12-24,852.0
2019-12-25,413.0
2019-12-26,1067.0
2019-12-27,1138.0
2019-12-28,838.0
2019-12-29,923.0
2019-12-30,1803.0
2019-12-31,1142.0
2020-01-01,853.0
2020-01-02,2160.0
2020-01-03,2488.0
2020-01-04,926.0
2020-01-05,569.0
2020-01-06,2845.0
2020-01-07,2984.0
2020-01-08,3378.0
2020-01-09,2764.0
2020-01-10,1987.0
2020-01-11,624.0
2020-01-12,550.0
2020-01-13,1167.0
2020-01-14,833.0
2020-01-15,1015.0
2020-01-16,2357.0
2020-01-17,2286.0
2020-01-18,642.0
2020-01-19,823.0
2020-01-20,1765.0
2020-01-21,2708.0
2020-01-22,2570.0
2020-01-23,2259.0
2020-01-24,2552.0
2020-01-25,1003.0
2020-01-26,1089.0
2020-01-27,3163.0
2020-01-28,2729.0
2020-01-29,2832.0
2020-01-30,3025.0
2020-01-31,2040.0
2020-02-01,588.0
2020-02-02,1220.0
2020-02-03,3387.0
2020-02-04,2621.0
2020-02-05,2127.0
2020-02-06,2121.0
2020-02-07,2244.0
2020-02-08,992.0
2020-02-09,1597.0
2020-02-10,3849.0
2020-02-11,3474.0
2020-02-12,3667.0
2020-02-13,2734.0
2020-02-14,2961.0
2020-02-15,697.0
2020-02-16,887.0
2020-02-17,2341.0
2020-02-18,3365.0
2020-02-19,3473.0
2020-02-20,3483.0
2020-02-21,3168.0
2020-02-22,1141.0
2020-02-23,903.0
2020-02-24,3729.0
2020-02-25,3747.0
2020-02-26,3780.0
2020-02-27,4230.0
2020-02-28,2783.0
2020-02-29,1148.0
2020-03-01,1310.0
2020-03-02,2972.0
2020-03-03,3582.0
2020-03-04,3715.0
2020-03-05,2634.0
2020-03-06,1451.0
2020-03-07,1009.0
2020-03-08,1294.0
2020-03-09,2479.0
2020-03-10,2173.0
2020-03-11,2270.0
2020-03-12,1937.0
2020-03-13,838.0
2020-03-14,1044.0
2020-03-15,1263.0
2020-03-16,1935.0
2020-03-17,1942.0
2020-03-18,2357.0
2020-03-19,2347.0
2020-03-20,2457.0
2020-03-21,2678.0
2020-03-22,2110.0
2020-03-23,1294.0
2020-03-24,1148.0
2020-03-25,1390.0
2020-03-26,1178.0
2020-03-27,985.0
2020-03-28,1458.0
2020-03-29,2867.0
2020-03-30,716.0
2020-03-31,1064.0
2020-04-01,1776.0
2020-04-02,1440.0
2020-04-03,994.0
2020-04-04,2722.0
2020-04-05,2406.0
2020-04-06,2202.0
2020-04-07,1895.0
2020-04-08,2243.0
2020-04-09,2778.0
2020-04-10,2575.0
2020-04-11,2506.0
2020-04-12,3018.0
2020-04-13,2105.0
2020-04-14,2374.0
2020-04-15,2194.0
2020-04-16,2893.0
2020-04-17,2431.0
2020-04-18,1686.0
2020-04-19,3627.0
2020-04-20,2736.0
2020-04-21,1599.0
2020-04-22,536.0
2020-04-23,1146.0
2020-04-24,2367.0
2020-04-25,2122.0
2020-04-26,3166.0
2020-04-27,1938.0
2020-04-28,1853.0
2020-04-29,2054.0
2020-04-30,1993.0
2020-05-01,3152.0
2020-05-02,883.0
2020-05-03,3010.0
2020-05-04,1971.0
2020-05-05,2674.0
2020-05-06,1454.0
2020-05-07,2837.0
2020-05-08,3228.0
2020-05-09,3596.0
2020-05-10,3049.0
2020-05-11,1823.0
2020-05-12,1544.0
2020-05-13,2400.0
2020-05-14,1976.0
2020-05-15,3211.0
2020-05-16,972.0
2020-05-17,3354.0
2020-05-18,2430.0
2020-05-19,2545.0
2020-05-20,1523.0
2020-05-21,1056.0
2020-05-22,2154.0
2020-05-23,3095.0
2020-05-24,3515.0
2020-05-25,772.0
2020-05-26,2426.0
2020-05-27,3447.0
2020-05-28,2805.0
2020-05-29,3399.0
2020-05-30,819.0
2020-05-31,1548.0
2020-06-01,2669.0
2020-06-02,2124.0
2020-06-03,2654.0
2020-06-04,2671.0
2020-06-05,2804.0
2020-06-06,2652.0
2020-06-07,2187.0
2020-06-08,2199.0
2020-06-09,1119.0
2020-06-10,3316.0
2020-06-11,2423.0
2020-06-12,1565.0
2020-06-13,1523.0
2020-06-14,3322.0
2020-06-15,1238.0
2020-06-16,2716.0
2020-06-17,3326.0
2020-06-18,3367.0
2020-06-19,3043.0
2020-06-20,2226.0
2020-06-21,2672.0
2020-06-22,3238.0
2020-06-23,3088.0
2020-06-24,2849.0
2020-06-25,3509.0
2020-06-26,3033.0
2020-06-27,967.0
2020-06-28,2835.0
2020-06-29,2749.0
2020-06-30,1703.0
2020-07-01,2041.0
2020-07-02,2240.0
2020-07-03,2474.0
2020-07-04,2531.0
2020-07-05,2865.0
2020-07-06,2743.0
2020-07-07,2241.0
2020-07-08,3270.0
2020-07-09,2411.0
2020-07-10,3141.0
2020-07-11,2820.0
2020-07-12,2252.0
2020-07-13,3178.0
2020-07-14,3355.0
2020-07-15,3434.0
2020-07-16,2886.0
2020-07-17,2183.0
2020-07-18,3529.0
2020-07-19,2968.0
2020-07-20,2885.0
2020-07-21,3158.0
2020-07-22,2725.0
2020-07-23,2860.0
2020-07-24,2658.0
2020-07-25,3455.0
2020-07-26,3140.0
2020-07-27,2501.0
2020-07-28,3085.0
2020-07-29,3189.0
2020-07-30,2995.0
2020-07-31,2964.0
2020-08-01,3110.0
2020-08-02,3288.0
2020-08-03,2804.0
2020-08-04,3261.0
2020-08-05,3343.0
2020-08-06,1224.0
2020-08-07,2959.0
2020-08-08,2318.0
2020-08-09,3490.0
2020-08-10,2445.0
2020-08-11,2999.0
2020-08-12,2851.0
2020-08-13,3079.0
2020-08-14,3536.0
2020-08-15,3069.0
2020-08-16,2375.0
2020-08-17,2459.0
2020-08-18,2891.0
2020-08-19,3123.0
2020-08-20,2400.0
2020-08-21,1780.0
2020-08-22,3325.0
2020-08-23,3221.0
2020-08-24,2707.0
2020-08-25,3097.0
2020-08-26,3018.0
2020-08-27,3031.0
2020-08-28,2949.0
2020-08-29,2784.0
2020-08-30,3003.0
2020-08-31,2412.0
2020-09-01,3084.0
2020-09-02,3137.0
2020-09-03,3025.0
2020-09-04,2771.0
2020-09-05,3111.0
2020-09-06,3021.0
2020-09-07,2621.0
2020-09-08,1588.0
2020-09-09,2046.0
2020-09-10,2139.0
2020-09-11,897.0
2020-09-12,343.0
2020-09-13,374.0
2020-09-14,564.0
2020-09-15,646.0
2020-09-16,726.0
2020-09-17,937.0
2020-09-18,749.0
2020-09-19,1722.0
2020-09-20,2814.0
2020-09-21,2373.0
2020-09-22,3001.0
2020-09-23,884.0
2020-09-24,1283.0
2020-09-25,1095.0
2020-09-26,2133.0
2020-09-27,2898.0
2020-09-28,2692.0
2020-09-29,2939.0
2020-09-30,2530.0
2020-10-01,2257.0
2020-10-02,2486.0
2020-10-03,2020.0
2020-10-04,1528.0
2020-10-05,2405.0
2020-10-06,2762.0
2020-10-07,2286.0
2020-10-08,2361.0
2020-10-09,2238.0
2020-10-10,1484.0
2020-10-11,680.0
2020-10-12,1970.0
2020-10-13,1310.0
2020-10-14,2535.0
2020-10-15,2459.0
2020-10-16,1621.0
2020-10-17,1787.0
2020-10-18,820.0
2020-10-19,1443.0
2020-10-20,2245.0
2020-10-21,1530.0
2020-10-22,2061.0
2020-10-23,972.0
2020-10-24,1663.0
2020-10-25,1694.0
2020-10-26,1477.0
2020-10-27,2045.0
2020-10-28,1924.0
2020-10-29,2154.0
2020-10-30,1844.0
2020-10-31,2690.0
2020-11-01,2333.0
2020-11-02,2172.0
2020-11-03,825.0
2020-11-04,1108.0
2020-11-05,1043.0
2020-11-06,1614.0
2020-11-07,1521.0
2020-11-08,1856.0
2020-11-09,1209.0
2020-11-10,1273.0
2020-11-11,1707.0
2020-11-12,1219.0
2020-11-13,1348.0
2020-11-14,1138.0
2020-11-15,1376.0
2020-11-16,743.0
2020-11-17,935.0
2020-11-18,829.0
2020-11-19,1348.0
2020-11-20,1150.0
2020-11-21,2531.0
2020-11-22,916.0
2020-11-23,980.0
2020-11-24,837.0
2020-11-25,1452.0
2020-11-26,676.0
2020-11-27,1854.0
2020-11-28,849.0
2020-11-29,1842.0
2020-11-30,1236.0
2020-12-01,1488.0
2020-12-02,1720.0
2020-12-03,1360.0
2020-12-04,1864.0
2020-12-05,2522.0
2020-12-06,1441.0
2020-12-07,1363.0
2020-12-08,855.0
2020-12-09,1253.0
2020-12-10,1275.0
2020-12-11,1315.0
2020-12-12,1736.0
2020-12-13,520.0
2020-12-14,1092.0
2020-12-15,809.0
2020-12-16,841.0
2020-12-17,1396.0
2020-12-18,795.0
2020-12-19,814.0
2020-12-20,1180.0
2020-12-21,417.0
2020-12-22,1311.0
2020-12-23,1201.0
2020-12-24,1082.0
2020-12-25,252.0
2020-12-26,780.0
2020-12-27,876.0
2020-12-28,1758.0
2020-12-29,1042.0
2020-12-30,540.0
2020-12-31,1179.0
2021-01-01,448.0
2021-01-02,253.0
2021-01-03,914.0
2021-01-04,634.0
2021-01-05,782.0
2021-01-06,1308.0
2021-01-07,1558.0
2021-01-08,820.0
2021-01-09,1571.0
2021-01-10,1267.0
2021-01-11,654.0
2021-01-12,684.0
2021-01-13,1713.0
2021-01-14,1627.0
2021-01-15,1473.0
2021-01-16,1498.0
2021-01-17,1609.0
2021-01-18,1910.0
2021-01-19,1322.0
2021-01-20,1282.0
2021-01-21,1058.0
2021-01-22,1588.0
2021-01-23,1921.0
2021-01-24,327.0
2021-01-25,1309.0
2021-01-26,1289.0
2021-01-27,1095.0
2021-01-28,1036.0
2021-01-29,1310.0
2021-01-30,871.0
2021-01-31,485.0
2021-02-01,663.0
2021-02-02,786.0
2021-02-03,1718.0
2021-02-04,911.0
2021-02-05,1313.0
2021-02-06,1116.0
2021-02-07,1533.0
2021-02-08,1119.0
2021-02-09,1390.0
2021-02-10,1167.0
2021-02-11,715.0
2021-02-12,375.0
2021-02-13,42.0
2021-02-14,11.0
2021-02-15,106.0
2021-02-16,668.0
2021-02-17,1259.0
2021-02-18,773.0
2021-02-19,1118.0
2021-02-20,1807.0
2021-02-21,996.0
2021-02-22,956.0
2021-02-23,1323.0
2021-02-24,1572.0
2021-02-25,988.0
2021-02-26,1422.0
2021-02-27,2136.0
2021-02-28,1496.0
2021-03-01,1581.0
2021-03-02,1408.0
2021-03-03,2307.0
2021-03-04,1122.0
2021-03-05,857.0
2021-03-06,1786.0
2021-03-07,690.0
2021-03-08,1588.0
2021-03-09,1623.0
2021-03-10,2037.0
2021-03-11,2114.0
2021-03-12,2241.0
2021-03-13,2988.0
2021-03-14,447.0
2021-03-15,1489.0
2021-03-16,2044.0
2021-03-17,2119.0
2021-03-18,943.0
2021-03-19,1310.0
2021-03-20,1142.0
2021-03-21,727.0
2021-03-22,1242.0
2021-03-23,2170.0
2021-03-24,904.0
2021-03-25,1683.0
2021-03-26,1781.0
2021-03-27,2598.0
2021-03-28,389.0
2021-03-29,1868.0
2021-03-30,2342.0
2021-03-31,2660.0
2021-04-01,2073.0
2021-04-02,2078.0
2021-04-03,2552.0
2021-04-04,1038.0
2021-04-05,2386.0
2021-04-06,2637.0
2021-04-07,1276.0
2021-04-08,2197.0
2021-04-09,1614.0
2021-04-10,1961.0
2021-04-11,2644.0
2021-04-12,2007.0
2021-04-13,2459.0
2021-04-14,2605.0
2021-04-15,2814.0
2021-04-16,2863.0
2021-04-17,3643.0
2021-04-18,3267.0
2021-04-19,2625.0
2021-04-20,3077.0
2021-04-21,3065.0
2021-04-22,2425.0
2021-04-23,2233.0
2021-04-24,612.0
2021-04-25,1682.0
2021-04-26,2411.0
2021-04-27,2242.0
2021-04-28,2382.0
2021-04-29,2701.0
2021-04-30,1776.0
2021-05-01,1878.0
2021-05-02,3052.0
2021-05-03,1326.0
2021-05-04,2614.0
2021-05-05,2615.0
2021-05-06,1871.0
2021-05-07,1213.0
2021-05-08,2263.0
2021-05-09,2520.0
2021-05-10,2490.0
2021-05-11,2886.0
2021-05-12,2693.0
2021-05-13,2893.0
2021-05-14,2868.0
2021-05-15,2982.0
2021-05-16,3010.0
2021-05-17,1537.0
2021-05-18,1845.0
2021-05-19,2467.0
2021-05-20,2369.0
2021-05-21,2697.0
2021-05-22,2752.0
2021-05-23,1796.0
2021-05-24,1316.0
2021-05-25,2307.0
2021-05-26,2694.0
2021-05-27,1040.0
2021-05-28,2581.0
2021-05-29,3038.0
2021-05-30,2433.0
2021-05-31,2987.0
2021-06-01,2959.0
2021-06-02,3255.0
2021-06-03,3042.0
2021-06-04,2783.0
2021-06-05,2130.0
2021-06-06,878.0
2021-06-07,2210.0
2021-06-08,2990.0
2021-06-09,3253.0
2021-06-10,2917.0
2021-06-11,1278.0
2021-06-12,3306.0
2021-06-13,589.0
2021-06-14,1560.0
2021-06-15,2656.0
2021-06-16,3251.0
2021-06-17,3265.0
2021-06-18,2948.0
2021-06-19,3166.0
2021-06-20,2908.0
2021-06-21,2981.0
2021-06-22,3294.0
2021-06-23,3259.0
2021-06-24,3295.0
2021-06-25,2788.0
2021-06-26,2173.0
2021-06-27,1384.0
2021-06-28,1209.0
2021-06-29,2587.0
2021-06-30,3159.0
2021-07-01,2908.0
2021-07-02,2750.0
2021-07-03,2771.0
2021-07-04,2366.0
2021-07-05,2475.0
2021-07-06,2935.0
2021-07-07,3075.0
2021-07-08,3082.0
2021-07-09,3023.0
2021-07-10,3038.0
2021-07-11,2806.0
2021-07-12,3094.0
2021-07-13,3555.0
2021-07-14,3406.0
2021-07-15,3136.0
2021-07-16,2545.0
2021-07-17,3043.0
2021-07-18,2878.0
2021-07-19,3131.0
2021-07-20,3129.0
2021-07-21,3325.0
2021-07-22,3511.0
2021-07-23,3141.0
2021-07-24,3191.0
2021-07-25,2773.0
2021-07-26,2926.0
2021-07-27,3554.0
2021-07-28,3541.0
2021-07-29,3282.0
2021-07-30,3111.0
2021-07-31,2493.0
2021-08-01,2685.0
2021-08-02,2985.0
2021-08-03,3155.0
2021-08-04,3324.0
2021-08-05,3382.0
2021-08-06,2311.0
2021-08-07,2411.0
2021-08-08,2672.0
2021-08-09,3030.0
2021-08-10,3374.0
2021-08-11,3189.0
2021-08-12,2663.0
2021-08-13,1867.0
2021-08-14,2432.0
2021-08-15,2758.0
2021-08-16,2381.0
2021-08-17,3167.0
2021-08-18,3236.0
2021-08-19,3190.0
2021-08-20,2409.0
2021-08-21,2583.0
2021-08-22,2230.0
2021-08-23,2749.0
2021-08-24,3255.0
2021-08-25,3116.0
2021-08-26,2694.0
2021-08-27,2485.0
2021-08-28,2973.0
2021-08-29,2634.0
2021-08-30,2374.0
2021-08-31,2640.0
2021-09-01,3099.0
2021-09-02,3127.0
2021-09-03,2933.0
2021-09-04,2823.0
2021-09-05,2422.0
2021-09-06,2480.0
2021-09-07,2898.0
2021-09-08,3209.0
2021-09-09,3043.0
2021-09-10,2394.0
2021-09-11,2518.0
2021-09-12,1530.0
2021-09-13,2674.0
2021-09-14,2798.0
2021-09-15,2851.0
2021-09-16,3182.0
2021-09-17,1290.0
2021-09-18,1305.0
2021-09-19,1364.0
2021-09-20,2957.0
2021-09-21,3543.0
2021-09-22,2804.0
2021-09-23,3109.0
2021-09-24,2765.0
2021-09-25,3054.0
2021-09-26,977.0
2021-09-27,1429.0
2021-09-28,2131.0
2021-09-29,2087.0
2021-09-30,1570.0
2021-10-01,2924.0
2021-10-02,2360.0
2021-10-03,1152.0
2021-10-04,2736.0
2021-10-05,1541.0
2021-10-06,2252.0
2021-10-07,2795.0
2021-10-08,2416.0
2021-10-09,1478.0
2021-10-10,985.0
2021-10-11,2323.0
2021-10-12,1958.0
2021-10-13,2317.0
2021-10-14,2063.0
2021-10-15,1858.0
2021-10-16,2168.0
2021-10-17,1296.0
2021-10-18,2229.0
2021-10-19,2949.0
2021-10-20,1697.0
2021-10-21,2187.0
2021-10-22,1510.0
2021-10-23,1099.0
2021-10-24,540.0
2021-10-25,1187.0
2021-10-26,1494.0
2021-10-27,2029.0
2021-10-28,1019.0
2021-10-29,1520.0
2021-10-30,2107.0
